{
    "iPhone1,1"	: "iPhone 2G",
    "iPhone1,2"	: "iPhone 3G",
    "iPhone2,1"	: "iPhone 3GS",
    "iPhone3,1"	: "iPhone 4",
    "iPhone3,2"	: "iPhone 4",
    "iPhone3,3" : "iPhone 4 (CDMA)",
    "iPhone4,1" : "iPhone 4S",
    "iPhone5,1" : "iPhone 5",
    "iPhone5,2" : "iPhone 5 (GSM+CDMA)",
    "iPhone5,3" : "iPhone 5c (GSM+CDMA)",
    "iPhone5,4" : "iPhone 5c (UK+Europe+Asia+China)",
    "iPhone6,1" : "iPhone 5s (GSM+CDMA)",
    "iPhone6,2" : "iPhone 5s (UK+Europe+Asia+China)",
    "iPhone7,1" : "iPhone 6 Plus",
    "iPhone7,2" : "iPhone 6",
    "iPhone8,1" : "iPhone 6S",
    "iPhone8,2" : "iPhone 6S Plus",
    
    "iPod1,1"	: "iPod Touch (1 Gen)",
    "iPod2,1"	: "iPod Touch (2 Gen)",
    "iPod3,1"	: "iPod Touch (3 Gen)",
    "iPod4,1"	: "iPod Touch (4 Gen)",
    "iPod5,1"	: "iPod Touch (5 Gen)",
    "iPod7,1"	: "iPod Touch (6 Gen)",
    
    "iPad1,1"	: "iPad",
    "iPad1,2"	: "iPad 3G",
    "iPad2,1"	: "iPad 2 (WiFi)",
    "iPad2,2"	: "iPad 2",
    "iPad2,3"	: "iPad 2 (CDMA)",
    "iPad2,4"	: "iPad 2",
    "iPad2,5"	: "iPad Mini (WiFi)",
    "iPad2,6"	: "iPad Mini",
    "iPad2,7"	: "iPad Mini (GSM+CDMA)",
    "iPad3,1"	: "iPad 3 (WiFi)",
    "iPad3,2"	: "iPad 3 (GSM+CDMA)",
    "iPad3,3"	: "iPad 3",
    "iPad3,4"	: "iPad 4 (WiFi)",
    "iPad3,5"	: "iPad 4",
    "iPad3,6"	: "iPad 4 (GSM+CDMA)",
    "iPad4,1"	: "iPad Air (WiFi)",
    "iPad4,2"	: "iPad Air (GSM+CDMA)",
    "iPad4,4"	: "iPad Mini 2 (WiFi)",
    "iPad4,5"	: "iPad Mini 2 (GSM+CDMA)",
    "iPad4,6"	: "iPad Mini 2 (China)",
    "iPad4,7"	: "iPad Mini 3 (WiFi)",
    "iPad4,8"	: "iPad Mini 3 (GSM+CDMA)",
    "iPad4,9"	: "iPad Mini 3 (China)",
    "iPad5,3"	: "iPad Air 2 (WiFi)",
    "iPad5,4"	: "iPad Air 2",
    
    "i386"		: "Simulator",
    "x86_64"	: "Simulator"
}
